0.453130	203230.093266	245272.628355			204	171	67	77	315	14	21	22	42	161	158	146	145	253	140	37	68	75	85	66	104	184	308	299	314	286	307	294	303	309	282	285	187	172	178	289	273	266	240	117	118	164	57	53	123	130	132	149	159	43	56	114	243	222	218	113	125	133	274	296	304	284	234	138	116	127	147	249	108	212	197	194	192	265	261	246	235	231	157	201	206	248	255	250	121	122	15	35	102	30	9	107	227	236	272	281	277	165	263	254	257	180	93	190	170	260	251	230	239	241	293	198	310	202	86	87	175	47	50	46	16	111	4	13	110	17	24	18	19	45	156	148	134	119	124	109	228	213	217	216	208	135	59	49	54	72	48	44	160	174	173	163	152	144	151	154	181	168	6	0	8	219	245	214	242	283	302	301	186	316	63	78	91	84	74	73	79	96	81	83	101	100	94	185	183	188	88	92	69	32	27	10	2	126	137	136	259	268	169	291	139	23	11	106	215	211	112	207	120	129	238	210	34	41	39	28	55	177	292	196	203	311	276	131	12	65	58	61	166	313	143	142	150	209	229	221	312	270	264	271	279	295	287	278	258	252	247	244	26	20	33	220	232	155	141	280	290	298	275	223	226	225	317	297	182	189	205	89	7	105	3	36	52	62	99	167	128	5	1	200	195	60	153	115	40	162	191	199	193	176	64	76	71	82	70	179	288	305	300	306	269	256	233	237	25	29	31	103	51	98	95	90	97	80	38	224	262	267
0.451851	197271.506451	239314.041540			117	211	109	227	260	150	155	172	169	99	95	92	40	20	19	22	13	107	27	15	24	28	21	177	180	176	89	70	67	44	41	119	131	123	261	271	143	4	106	12	18	11	6	5	129	215	128	136	141	124	238	241	253	267	192	292	281	295	283	286	280	162	45	55	46	56	231	224	212	108	243	247	251	262	142	94	187	205	200	279	303	297	250	204	191	170	168	178	203	199	277	293	275	272	263	264	64	59	36	35	287	220	145	8	25	3	105	126	149	161	164	179	79	77	83	58	316	9	1	2	14	154	160	183	171	188	87	65	38	216	210	139	276	302	308	298	252	229	237	296	274	270	246	228	219	273	314	148	157	144	207	140	208	53	37	167	112	236	233	313	147	82	76	48	102	29	16	265	239	230	121	137	311	310	193	202	68	61	34	122	218	221	72	78	32	0	7	245	214	269	248	244	213	173	174	158	152	23	30	114	113	258	242	240	189	69	62	66	80	73	75	50	43	54	104	33	138	118	116	111	130	278	259	255	135	125	26	71	85	81	91	84	96	166	165	288	285	299	209	163	206	201	63	39	315	49	51	42	110	133	134	146	294	305	300	185	184	181	190	301	284	282	291	289	290	234	217	235	232	312	120	127	115	10	31	101	100	90	88	98	151	156	17	103	47	57	52	60	306	194	198	307	249	317	309	304	257	254	226	225	223	222	266	175	182	186	268	256	197	195	93	97	74	196	86	153	159	132
0.453000	202608.614539	244651.149628			146	258	267	270	299	198	86	87	68	175	65	188	200	260	263	314	277	174	93	196	185	251	122	127	137	109	108	217	7	2	27	64	168	180	88	76	78	96	90	178	287	283	317	239	116	43	56	316	102	20	28	29	10	73	84	77	17	26	23	71	70	39	54	47	48	55	315	82	85	89	310	280	261	266	141	130	138	124	6	0	31	22	18	106	129	167	305	302	298	226	225	228	121	128	115	111	24	19	9	5	45	35	13	158	155	160	151	205	92	173	33	209	292	273	80	83	66	67	36	132	222	213	210	113	216	211	219	257	255	230	237	224	212	220	259	233	240	126	119	114	4	46	53	74	166	25	8	11	1	14	40	149	145	208	135	147	150	148	153	16	15	37	265	279	272	165	136	207	120	256	278	282	290	264	30	32	21	57	186	170	169	184	181	183	197	179	107	110	105	12	117	118	248	274	300	288	206	94	91	81	79	182	59	51	133	143	254	249	38	144	187	189	60	52	176	281	269	223	112	140	297	275	253	232	312	241	156	162	164	134	41	44	103	202	194	139	221	236	235	245	252	293	276	61	72	63	42	154	227	242	157	163	97	201	99	95	101	98	203	191	262	250	229	152	159	231	238	246	243	271	204	311	34	125	131	161	50	58	49	3	123	313	215	234	214	218	244	247	291	307	308	296	295	306	192	303	309	177	69	104	75	190	172	289	304	301	199	193	195	62	100	171	294	286	285	284	268	142
0.451682	196509.069650	238551.604739			99	69	162	156	160	78	91	100	95	75	56	60	154	163	0	2	9	96	196	189	180	182	181	209	166	293	187	190	61	62	65	175	171	41	26	4	109	139	203	283	291	280	59	17	24	7	3	101	92	90	63	49	83	77	67	44	316	46	268	169	178	197	94	172	202	201	93	176	64	104	58	54	183	258	253	304	298	289	174	188	86	50	43	37	228	235	254	241	138	114	122	129	233	214	213	23	27	1	6	5	11	31	103	29	97	98	149	210	211	108	105	106	257	262	250	247	222	218	143	184	161	208	123	131	230	240	88	89	68	66	186	185	216	219	116	112	126	84	82	80	72	57	135	38	165	290	140	150	159	158	236	227	246	313	261	259	252	248	275	168	193	195	71	79	81	315	48	76	70	55	74	85	36	25	15	53	153	145	128	264	266	272	285	284	287	146	167	204	305	286	152	141	224	231	238	115	134	132	226	223	199	292	281	276	52	205	206	310	192	164	271	279	297	296	309	249	265	170	277	294	251	18	133	225	244	243	234	239	221	242	130	127	35	28	19	136	120	215	220	229	117	118	142	270	269	317	267	263	278	237	232	12	33	47	21	20	30	102	200	144	34	148	155	157	301	288	314	306	194	311	307	308	198	179	40	32	39	10	14	22	110	8	16	13	207	137	255	245	124	111	119	51	73	87	300	302	299	282	274	303	295	191	177	45	42	125	107	113	121	151	147	312	217	212	173	260	256	273
0.453021	202709.302935	244751.838024			220	238	185	181	53	23	16	105	133	33	258	295	286	303	283	278	289	161	152	91	95	93	88	66	77	65	39	42	51	154	268	310	311	301	282	308	294	314	117	112	212	227	226	277	191	164	263	261	123	37	72	188	190	291	280	165	172	200	201	206	86	202	179	170	271	269	255	245	231	219	257	234	79	96	175	265	260	134	124	111	115	217	235	139	239	204	169	177	288	197	205	196	192	290	284	249	136	19	10	36	108	211	224	287	276	243	317	274	203	193	199	305	183	92	80	69	113	237	240	147	186	75	55	41	46	60	62	61	57	52	174	157	141	118	232	229	210	122	127	132	24	135	121	218	247	270	148	2	102	9	8	11	1	6	83	78	144	208	162	195	94	176	156	128	129	242	138	160	76	85	90	12	313	262	273	298	292	285	299	302	251	223	222	213	233	221	225	236	228	246	281	309	304	279	264	256	293	300	198	178	166	168	159	167	173	209	43	15	106	116	145	151	5	0	4	214	244	253	275	297	296	248	109	107	32	27	171	64	104	45	149	254	230	241	180	187	30	31	58	49	194	306	307	81	71	56	40	114	216	252	259	272	266	267	140	137	130	131	26	25	67	70	63	153	312	250	207	13	18	7	3	110	316	315	21	20	48	35	22	103	50	54	34	119	120	125	126	44	47	163	155	146	38	28	29	14	17	182	189	184	158	150	142	143	89	87	99	98	73	68	82	84	100	101	97	74	59	215
0.449315	186352.224426	228394.759515			232	231	239	240	120	18	32	46	35	40	52	45	130	146	237	216	109	13	94	206	195	196	172	190	247	244	235	225	234	236	228	122	51	49	186	182	64	8	34	229	233	249	313	260	124	159	141	256	278	279	299	290	271	265	242	139	68	103	102	153	38	154	149	151	140	143	227	213	230	152	133	209	161	157	147	156	193	199	285	273	173	181	96	95	58	30	2	11	21	12	27	29	20	44	50	89	98	310	204	170	314	302	300	185	175	162	257	267	304	309	303	275	297	171	37	6	15	127	246	262	251	245	220	215	111	312	214	223	253	80	53	104	63	73	74	62	254	224	118	105	106	4	110	107	112	241	283	281	280	311	183	83	78	179	197	205	202	203	178	268	210	207	25	286	276	123	116	119	125	131	128	144	59	57	81	84	41	129	217	238	117	218	142	150	39	1	0	5	47	61	56	71	69	201	99	200	43	31	19	14	28	9	54	167	270	269	317	3	7	115	121	138	255	252	266	263	208	137	132	160	163	145	148	158	155	293	288	292	277	192	294	164	176	76	66	85	97	184	180	212	108	134	17	26	23	36	48	315	316	75	55	42	126	221	226	264	259	174	177	92	91	77	82	67	187	93	88	70	72	86	305	198	306	168	166	65	60	188	87	100	101	90	79	189	169	289	295	301	194	272	274	298	250	248	243	261	258	165	10	22	16	136	135	33	24	114	211	219	113	284	287	291	191	307	308	296	282	222
0.449706	187961.793574	230004.328663			253	239	229	121	120	207	58	27	28	20	5	13	125	208	152	168	163	165	192	191	277	143	146	153	51	111	7	119	212	225	235	308	311	310	57	63	76	66	54	136	124	114	109	223	222	244	214	227	312	313	263	272	281	283	280	252	224	219	118	99	205	305	266	237	220	216	141	161	187	176	228	226	242	238	150	140	137	138	268	314	164	197	74	73	71	70	88	92	104	53	45	40	149	34	33	217	233	248	269	274	290	173	166	293	302	306	182	78	95	84	62	49	48	38	37	110	112	142	256	264	249	174	177	186	134	131	129	123	116	132	127	46	44	39	47	9	128	211	221	240	232	236	245	262	260	147	106	8	1	102	14	21	43	145	157	175	72	79	69	178	295	298	299	317	270	273	279	303	297	304	309	307	181	59	160	155	159	292	198	301	190	189	202	204	172	184	180	93	206	171	154	22	2	6	265	278	284	285	286	276	271	255	250	156	26	36	4	105	294	287	185	98	100	91	101	90	195	87	201	213	247	234	254	64	97	96	82	209	167	257	258	194	203	196	42	15	115	122	241	41	68	77	85	89	94	170	169	0	10	30	31	29	50	61	83	67	179	199	300	80	75	55	315	316	103	18	65	86	183	193	188	200	291	296	261	144	11	17	3	126	151	275	251	130	60	117	231	243	267	162	158	148	52	81	56	19	32	23	25	24	35	107	218	282	288	289	246	230	135	16	12	133	113	108	210	215	139	259
0.453106	203116.600518	245159.135607			304	305	170	273	293	104	58	130	250	246	264	313	164	171	172	183	184	36	30	28	17	209	160	137	10	6	25	31	102	207	119	38	85	69	73	80	64	12	105	106	107	134	125	281	286	254	174	206	99	300	299	194	60	63	77	55	11	35	157	144	301	308	297	274	265	165	94	98	187	152	135	126	4	18	1	0	53	49	95	114	118	226	245	252	317	247	270	253	109	312	239	221	225	217	108	224	249	167	143	237	236	138	131	112	59	93	188	168	189	195	86	201	196	97	88	182	133	232	233	242	234	124	116	215	123	208	258	257	147	74	79	75	146	231	230	127	129	162	161	15	20	5	19	316	315	33	34	176	283	199	294	179	205	200	186	177	287	277	269	262	279	198	204	65	41	46	47	132	76	78	84	56	153	148	139	141	145	166	256	128	122	210	216	211	238	181	192	191	280	142	2	9	48	61	175	89	100	71	163	255	228	227	223	251	261	267	314	151	149	110	220	219	120	121	218	113	7	27	13	8	67	66	83	72	68	57	51	42	52	50	21	29	32	103	159	180	87	37	214	222	212	117	91	101	96	82	81	92	306	282	229	240	259	271	285	284	155	190	197	173	178	295	302	288	310	203	311	263	248	235	213	244	243	150	156	291	289	275	278	290	298	266	140	3	16	14	111	115	24	22	40	62	202	276	260	241	268	272	296	309	158	154	185	169	292	70	90	44	26	136	23	45	54	43	39	193	307	303
0.452027	198071.764884	240114.299974			217	263	301	191	282	155	151	152	90	95	198	199	149	43	69	79	85	187	175	22	2	5	44	84	101	91	89	158	258	313	121	120	26	66	62	40	168	201	307	303	311	197	64	178	166	143	264	252	244	141	129	207	12	128	177	162	150	147	159	45	104	70	52	184	209	167	115	110	4	18	24	237	232	236	260	254	257	146	132	119	41	176	185	174	272	270	261	131	137	124	298	309	302	289	192	245	253	262	314	268	142	73	68	92	99	288	293	196	98	67	58	49	48	42	38	33	136	127	290	283	275	228	239	170	310	305	193	181	183	163	203	204	194	285	306	164	160	172	188	277	276	213	223	113	8	9	7	0	21	102	123	130	281	286	11	10	31	30	35	259	241	231	238	240	75	77	63	65	111	105	3	39	161	224	249	255	292	294	296	304	278	169	287	291	246	229	118	208	37	144	103	81	82	76	86	189	74	71	56	53	54	14	16	27	29	19	46	55	50	51	173	200	179	17	15	117	218	234	227	243	248	317	256	116	125	126	153	190	180	156	165	295	299	284	308	269	274	297	279	267	271	300	202	94	97	88	206	205	195	230	219	215	107	122	216	108	109	112	1	6	25	34	134	266	273	138	139	140	157	87	182	186	100	96	83	315	316	28	20	23	133	225	221	220	210	226	312	211	36	80	72	93	171	251	233	242	265	280	154	148	145	214	212	114	106	13	59	60	57	61	78	47	32	135	250	247	235	222
0.454101	207973.725007	250016.260096			255	248	270	272	271	165	78	95	92	88	72	75	79	100	63	73	77	32	109	118	129	85	83	67	104	47	55	82	84	133	116	312	221	111	26	42	178	199	197	196	195	87	0	2	25	209	64	188	183	173	164	219	112	127	286	281	288	144	153	160	184	193	224	241	240	187	94	206	101	91	80	54	48	28	21	15	40	56	49	57	294	290	263	266	155	216	233	235	242	217	158	156	145	175	172	171	190	96	90	186	306	311	284	282	260	121	107	207	137	147	162	276	283	305	203	99	205	37	24	34	151	253	292	194	202	177	74	81	68	59	261	245	246	152	154	280	289	274	268	3	8	17	103	52	108	210	16	31	316	315	71	70	76	159	220	212	110	14	19	11	302	301	277	185	146	126	9	22	27	46	50	38	105	106	20	259	256	227	264	170	65	86	62	89	51	36	117	139	208	180	168	181	174	149	130	122	132	123	140	128	115	43	44	58	6	102	35	30	66	135	143	148	12	7	29	41	60	93	98	97	287	309	297	304	273	163	45	136	131	285	262	251	252	161	157	166	53	39	23	18	61	69	189	182	176	169	291	300	303	243	222	225	211	119	125	293	295	298	204	310	269	218	230	229	113	237	231	250	313	33	134	5	10	1	120	238	254	278	275	214	247	232	234	167	179	308	307	198	201	200	191	150	226	213	223	244	4	114	13	124	138	239	215	228	236	258	142	141	249	257	267	314	192	299	317	265	279	296
0.454962	212351.788950	254394.324039			186	148	155	165	254	260	253	317	285	282	263	272	284	198	214	237	211	116	1	104	82	81	205	200	87	287	276	239	241	224	221	312	257	259	179	73	80	180	167	247	251	313	258	146	92	101	97	190	277	268	8	16	10	89	72	32	36	40	100	78	185	311	308	270	261	142	208	29	30	96	70	69	65	131	212	218	217	213	244	264	130	134	133	4	125	33	25	28	49	159	162	160	236	233	228	240	184	206	88	75	77	54	17	24	150	307	299	298	279	246	229	220	219	67	71	79	280	192	301	203	293	250	223	226	225	163	64	172	290	274	296	183	181	45	46	58	48	222	243	114	41	86	175	171	53	44	152	231	139	140	145	147	141	117	118	124	119	278	305	199	292	291	68	56	316	57	74	144	151	286	289	283	265	216	210	120	156	157	42	50	43	60	187	201	94	138	13	111	127	59	304	303	255	232	238	245	235	227	178	93	195	189	209	161	108	109	266	294	300	295	129	110	11	14	39	315	99	98	194	193	168	52	23	26	102	22	27	7	12	3	105	2	107	135	136	115	126	15	38	37	62	84	91	176	273	166	174	288	310	306	202	188	182	143	230	215	242	271	281	63	83	90	95	61	51	34	121	207	106	113	122	112	234	252	262	256	249	137	103	18	132	123	128	149	158	197	196	191	170	0	6	5	19	20	31	76	66	85	173	177	55	47	302	275	269	248	267	314	154	153	35	21	9	164	297	309	169	204
0.449905	188792.614894	230835.149983			213	212	122	46	51	81	75	104	39	55	77	187	201	288	297	308	299	279	285	138	238	245	232	275	304	273	255	229	312	224	218	244	223	317	256	237	216	143	162	156	33	25	3	110	10	29	56	134	112	41	45	175	87	40	53	50	58	70	198	287	293	157	166	209	64	172	185	197	192	289	276	281	265	260	283	284	194	205	96	90	258	228	227	215	211	210	131	123	129	167	191	140	158	22	31	103	181	263	266	251	248	243	261	252	282	268	139	142	249	291	280	183	177	159	154	11	126	136	12	207	60	145	147	264	314	296	272	164	230	220	125	102	18	16	225	236	242	240	241	124	5	6	14	316	62	79	72	61	30	23	137	135	17	15	182	189	99	89	93	94	196	188	160	161	8	32	144	163	59	19	47	49	43	2	1	44	27	20	9	203	204	306	305	307	302	301	199	130	115	13	36	37	148	170	65	57	42	38	152	121	219	117	254	277	300	193	88	86	92	97	63	180	184	168	151	114	21	28	26	35	257	271	274	247	235	109	108	127	116	113	118	4	52	101	100	84	67	82	83	85	78	76	80	98	68	73	231	217	222	269	262	253	313	120	119	128	132	141	171	186	190	179	278	303	309	295	259	239	111	106	7	24	48	195	200	206	202	310	298	286	250	292	176	91	95	66	71	74	173	174	178	165	169	311	54	34	149	150	133	107	105	153	69	315	0	226	246	233	294	290	270	267	221	208	155	146	234	214
0.452023	198053.152888	240095.687977			159	153	154	25	135	136	40	192	302	310	305	271	272	169	195	74	63	68	145	109	222	244	267	167	41	27	53	45	87	60	163	22	30	19	125	207	107	3	15	8	36	141	256	264	254	253	258	164	139	224	123	187	182	177	209	180	247	263	273	282	279	278	259	288	291	307	303	269	270	248	239	129	138	210	33	13	9	6	5	298	299	277	276	286	266	257	229	265	214	223	243	118	124	110	130	142	313	242	268	260	261	285	199	306	240	238	245	226	218	212	225	184	186	165	292	287	294	301	51	46	44	50	71	80	59	52	171	181	62	48	103	54	79	72	300	281	158	151	155	312	117	170	280	17	32	316	315	122	140	137	132	221	232	230	219	220	215	216	227	234	235	317	289	202	194	190	65	172	94	96	66	67	70	134	126	160	61	58	90	95	69	86	168	1	4	119	7	11	23	24	16	176	206	99	88	85	21	31	29	43	39	28	20	127	150	175	189	188	102	10	104	81	98	89	64	314	262	213	111	105	12	183	203	296	274	246	252	233	255	304	311	204	101	100	201	196	205	200	197	198	284	293	179	97	92	78	115	37	128	120	249	237	217	113	131	133	42	76	82	91	83	84	250	251	143	34	114	144	157	191	290	275	309	297	308	166	77	75	57	152	162	148	161	185	283	295	173	178	156	236	231	228	174	193	93	56	26	18	35	73	38	116	147	146	241	211	2	0	55	49	47	14	208	121	106	112	108	149
0.454027	207605.420435	249647.955524			219	153	69	77	81	28	188	192	245	313	268	271	194	181	197	200	189	199	198	193	4	115	147	257	259	155	239	233	243	213	224	236	244	237	232	222	251	250	264	167	203	305	277	263	281	273	286	88	100	90	51	49	56	58	104	54	60	152	151	211	216	266	282	295	293	164	121	158	162	142	240	220	108	106	8	44	43	59	306	310	191	202	184	3	13	149	154	166	311	300	265	253	21	19	14	65	294	287	87	97	75	84	71	140	141	137	34	46	74	98	173	178	93	206	205	299	298	143	241	231	177	180	16	24	52	32	35	102	23	2	20	22	29	30	134	133	11	10	26	17	204	297	296	254	267	272	283	171	57	55	80	91	85	72	50	53	61	160	161	290	309	249	256	252	175	36	33	139	262	255	170	39	1	223	234	227	248	228	242	165	76	95	101	96	190	38	105	107	119	111	7	0	5	9	31	316	86	183	182	187	172	92	186	174	260	214	230	120	82	195	201	196	89	83	47	40	163	314	284	278	274	261	235	128	130	150	159	280	169	276	291	307	302	317	221	136	131	123	144	68	63	67	62	148	229	270	279	308	285	269	247	238	12	110	25	315	48	79	99	168	176	179	185	94	78	70	66	103	156	145	157	288	301	292	15	6	18	27	73	146	258	225	246	218	217	114	116	132	208	135	42	64	209	37	125	122	113	118	117	212	207	126	124	289	303	304	275	226	215	109	210	112	129	127	41	45	138	312
0.452243	199064.384719	241106.919808			227	217	235	247	271	249	258	268	285	284	296	299	179	64	65	35	51	62	168	173	156	161	160	152	97	76	61	153	120	117	220	29	48	49	46	171	145	3	106	242	232	237	140	17	22	32	163	292	309	303	314	312	229	221	15	104	63	276	291	282	37	52	47	59	166	170	141	119	115	129	257	254	147	167	165	169	146	149	209	38	45	41	79	75	53	56	67	101	92	66	81	82	55	21	28	190	183	192	176	138	139	131	122	142	113	112	24	102	19	36	148	151	256	226	233	236	42	103	44	90	88	98	94	206	272	252	317	243	222	244	255	250	105	211	223	213	313	136	125	114	116	108	210	279	297	274	270	158	155	157	177	180	195	25	7	8	110	230	245	281	293	266	283	264	265	181	189	86	134	12	111	121	214	132	9	10	26	18	23	33	133	126	34	16	6	31	27	280	277	60	73	74	172	202	194	143	123	124	68	93	99	200	315	2	11	301	273	295	198	204	300	310	311	205	304	269	248	234	130	128	107	207	87	188	184	288	286	287	164	308	307	306	302	185	178	193	294	298	305	85	80	71	197	199	174	253	261	259	186	175	182	196	201	187	40	316	70	84	78	89	118	215	212	109	216	224	278	289	91	96	203	191	260	246	251	72	54	77	58	43	144	150	162	240	225	241	231	238	219	4	5	0	1	30	39	50	69	57	83	95	100	267	262	159	154	137	127	135	13	20	14	208	290	275	263	218	239	228
0.450423	190985.222532	233027.757621			256	258	152	114	107	34	38	181	203	198	199	147	105	106	126	79	74	54	119	161	144	37	132	270	269	248	247	267	168	193	293	305	246	226	253	180	201	196	188	249	140	109	208	240	237	242	313	261	314	265	311	307	310	202	80	63	187	243	222	235	236	167	177	190	184	207	112	110	111	115	288	292	153	39	103	41	36	22	73	64	171	172	97	98	206	195	225	220	219	216	118	127	137	125	135	148	134	120	238	239	228	108	113	124	130	230	312	122	116	145	141	136	57	66	84	101	316	315	56	150	231	229	221	18	49	5	31	46	67	81	77	61	52	51	87	96	100	200	306	255	260	264	259	250	223	227	138	159	173	154	69	89	90	91	88	72	82	95	78	70	76	86	99	93	65	209	182	175	194	146	117	215	42	40	165	245	214	217	224	317	233	232	257	254	273	281	303	301	50	15	20	28	104	62	53	43	45	149	160	276	280	289	176	59	157	297	296	309	304	308	302	274	283	24	16	12	156	191	204	275	263	143	3	25	133	129	131	123	128	4	23	13	174	185	178	48	58	35	26	121	139	241	251	252	295	298	299	197	75	71	44	151	162	262	286	287	291	186	183	179	271	284	290	279	142	212	213	234	218	272	285	282	278	300	268	155	158	94	205	169	210	211	8	29	2	10	9	1	7	30	83	85	92	189	170	164	277	294	192	68	60	33	17	102	19	21	11	27	14	0	6	32	47	55	163	166	266	244
0.450241	190208.313675	232250.848764			309	297	270	251	215	210	109	120	130	115	4	3	105	148	150	149	135	111	159	183	193	175	172	171	93	200	286	169	61	39	47	99	201	190	181	182	87	64	69	94	189	143	229	230	228	221	218	214	217	212	139	219	211	225	245	207	30	44	11	48	57	67	82	73	68	153	151	161	116	108	223	243	227	226	263	165	162	132	137	106	114	123	128	134	27	56	53	54	62	188	184	310	274	234	252	258	179	292	295	264	260	253	237	255	257	249	250	256	273	291	202	209	15	16	36	110	241	238	239	244	158	155	156	174	180	140	24	25	35	42	65	195	89	80	70	92	97	206	277	271	267	197	205	204	198	296	284	307	298	308	164	312	118	247	269	317	208	121	113	125	160	138	117	254	282	289	290	283	166	163	186	76	71	315	51	168	311	72	29	81	84	83	104	63	77	85	96	91	185	306	305	248	213	222	112	119	33	8	6	9	78	90	75	176	37	7	20	14	2	0	313	235	233	240	262	266	268	147	124	216	220	154	173	288	276	275	280	259	265	302	294	170	142	133	136	126	23	19	22	41	26	18	127	34	107	12	13	43	66	49	55	145	203	293	17	46	59	86	74	79	177	157	131	122	146	141	187	101	95	144	232	236	242	231	224	246	303	299	287	191	98	316	28	21	10	102	31	32	103	40	178	38	45	5	1	58	100	88	196	301	304	272	278	279	285	281	52	50	60	192	199	300	194	167	152	129	314	261
0.451312	194853.879204	236896.414293			225	255	251	252	263	305	314	245	166	209	159	25	116	120	167	173	206	92	44	171	196	201	193	194	176	33	110	111	114	150	162	157	156	145	147	4	3	126	232	143	146	60	38	2	115	105	106	113	220	312	228	236	231	217	240	139	230	308	306	301	297	317	267	77	82	84	93	271	170	281	66	98	97	179	185	182	43	37	34	238	249	259	212	210	219	118	22	102	24	119	141	227	229	138	154	178	184	163	282	266	260	213	223	243	270	295	272	233	221	313	142	174	56	18	19	15	28	48	74	68	72	73	40	39	50	14	5	6	136	133	107	241	256	253	242	101	91	96	61	172	198	164	161	155	187	197	309	304	298	273	285	290	299	265	140	121	130	131	23	27	35	160	59	148	208	41	47	292	192	199	204	289	239	224	216	149	83	186	64	254	258	128	125	195	99	86	303	278	261	45	54	55	70	58	51	20	31	21	10	100	95	76	135	215	108	211	109	218	117	123	237	257	268	262	247	244	226	222	13	29	11	103	17	30	9	26	32	71	81	69	52	144	137	151	152	53	46	307	246	248	284	264	153	65	79	85	87	158	16	1	0	7	112	124	127	132	8	57	62	63	49	104	80	94	200	168	181	177	180	12	134	36	42	316	315	67	90	75	78	293	277	202	205	302	191	250	274	275	279	286	287	294	203	300	88	89	189	183	190	169	276	165	129	122	207	175	188	310	311	291	288	280	283	296	269	234	235	214
0.455313	214183.016354	256225.551443			220	216	140	75	191	284	282	200	97	100	206	300	294	169	184	264	249	229	217	297	274	250	257	255	162	79	94	93	99	134	120	136	40	42	314	283	303	275	247	232	248	223	270	290	295	159	38	155	254	278	286	176	205	199	307	304	214	213	244	25	23	126	133	209	182	189	61	50	53	152	143	238	239	158	188	172	64	22	17	28	31	39	145	234	261	263	266	272	271	288	281	269	218	212	1	6	49	63	293	291	160	69	12	114	115	4	14	30	135	174	166	123	258	265	127	111	287	289	309	296	279	253	260	256	245	246	312	224	251	252	317	222	116	76	83	85	58	34	33	62	177	148	207	119	36	21	52	55	45	51	68	78	66	102	19	29	32	18	147	170	178	273	268	236	243	219	118	153	48	95	91	90	137	130	121	131	230	221	225	226	227	237	132	7	5	11	109	108	204	311	305	65	59	161	179	173	194	192	193	196	71	73	41	175	80	186	187	203	198	190	96	101	20	10	9	35	163	146	211	138	171	195	88	98	276	285	139	8	2	74	86	292	298	308	299	280	168	185	197	122	110	106	105	3	37	56	84	82	81	43	103	125	129	215	208	89	67	70	77	87	181	104	47	316	315	165	164	267	262	242	231	240	313	241	142	141	13	0	107	124	156	150	157	144	128	151	154	72	92	201	202	306	301	183	54	46	167	277	259	149	180	310	302	60	15	27	44	57	117	235	228	233	210	113	16	24	26	112
0.451304	194819.613904	236862.148993			179	183	87	153	152	264	272	242	217	230	129	132	128	122	116	12	111	4	114	127	136	154	187	177	195	98	79	88	76	282	296	297	279	269	243	247	206	201	94	54	45	119	141	143	174	99	73	47	42	37	209	216	117	109	224	257	259	207	126	125	124	306	198	192	170	232	219	214	226	258	252	248	213	218	2	102	58	70	72	68	314	191	142	18	19	30	1	9	103	40	63	104	43	11	10	13	263	267	311	203	92	64	159	171	160	130	105	107	118	163	277	202	197	65	56	41	78	62	221	235	227	233	225	151	80	82	81	97	101	96	77	67	144	155	147	145	135	51	61	182	181	175	161	150	254	249	265	157	162	156	85	75	240	231	238	194	188	168	167	268	266	262	284	286	133	20	21	32	31	15	6	0	5	34	149	26	24	115	17	36	23	29	48	315	44	57	55	39	27	16	3	113	273	280	298	305	287	292	293	169	208	33	35	14	38	148	110	25	22	196	310	200	199	309	307	308	304	303	313	312	121	134	137	256	317	274	270	275	301	205	95	84	260	245	250	271	295	193	184	176	172	120	123	139	138	112	131	108	220	211	52	53	50	86	291	276	165	173	8	7	239	241	146	69	71	66	100	83	189	288	212	215	210	106	28	316	90	91	89	74	158	60	46	49	190	185	180	166	294	299	290	283	278	261	251	255	234	244	223	246	281	285	289	302	93	140	222	229	237	236	228	253	164	59	186	178	204	300
0.451211	194410.647140	236453.182229			265	253	249	121	123	116	216	210	3	111	166	167	87	100	95	202	295	296	297	304	310	306	176	300	191	313	122	281	258	267	251	256	314	276	194	45	51	218	214	222	213	274	272	170	317	248	269	275	299	37	43	50	144	158	164	184	197	182	94	85	83	81	76	82	66	63	127	133	124	42	49	96	91	93	179	141	114	24	242	250	60	200	205	183	113	229	225	244	223	239	118	221	112	117	237	226	227	238	44	104	161	162	220	219	52	53	67	70	101	90	62	207	107	110	119	12	2	0	17	40	38	153	154	212	211	215	109	231	206	89	86	57	23	27	35	88	98	69	54	58	136	149	155	286	285	298	305	302	308	283	311	307	292	293	192	198	199	236	130	131	125	13	126	148	150	257	165	143	139	138	232	234	252	255	240	145	208	129	108	228	217	224	120	106	4	147	151	288	266	263	243	246	247	140	20	11	316	48	235	233	157	209	163	172	177	277	280	34	33	135	47	56	73	21	30	5	1	31	46	303	309	301	270	245	241	160	39	103	18	32	26	36	8	7	15	190	196	159	156	260	279	278	291	264	55	84	79	80	29	10	6	9	61	178	282	273	290	284	289	168	180	174	173	74	68	78	175	171	152	137	134	22	115	105	312	230	188	181	187	65	64	169	294	195	99	97	186	254	268	142	259	261	262	185	201	75	59	132	128	146	204	203	193	92	71	77	72	315	28	19	102	14	25	16	41	189	287	271
0.453473	204880.806777	246923.341866			221	234	250	142	146	283	273	284	243	28	35	48	45	147	184	178	253	139	33	115	228	269	274	291	191	306	198	301	277	158	154	41	58	23	29	53	73	74	124	130	237	107	3	110	22	7	15	180	199	204	167	137	37	155	156	241	224	210	215	26	18	316	163	209	160	140	134	44	49	71	83	39	103	56	50	27	9	8	13	136	129	122	288	280	170	208	106	105	19	30	31	84	82	70	60	59	177	238	232	246	251	247	317	271	193	86	206	97	91	81	78	190	298	309	297	270	217	117	57	62	182	196	87	68	75	181	89	76	72	261	262	244	239	118	123	128	69	85	101	100	90	66	263	266	255	248	296	304	205	95	96	171	278	267	252	135	207	119	220	219	230	229	226	233	231	121	131	258	249	47	315	55	133	111	4	113	141	116	14	16	12	166	165	260	254	259	256	268	185	179	192	292	164	120	20	21	197	201	168	34	25	24	17	54	294	300	200	94	92	43	32	52	36	175	186	195	61	79	11	0	102	148	313	314	287	286	257	108	127	38	144	189	174	218	212	213	214	67	77	46	161	150	145	264	143	157	162	151	149	153	152	159	109	211	216	138	99	98	93	310	302	308	279	275	272	132	126	40	42	51	5	1	2	65	64	187	172	305	307	282	285	289	299	295	188	80	173	265	227	235	245	125	6	10	104	63	88	194	203	276	202	176	183	311	293	281	225	240	242	236	290	303	169	222	223	114	112	312
0.453281	203953.859652	245996.394741			308	310	206	201	32	31	102	38	65	87	86	89	63	104	47	49	30	163	209	242	240	226	213	227	228	111	110	232	270	252	271	281	290	286	289	282	234	236	239	162	180	267	233	120	117	129	122	181	190	96	88	55	78	85	90	197	185	291	177	74	69	183	171	37	33	40	46	22	19	24	207	116	124	119	73	7	17	25	186	195	139	313	246	222	248	257	175	84	81	34	121	241	238	62	41	134	161	158	173	302	277	6	3	219	312	214	215	9	52	51	101	95	71	44	16	126	133	140	138	237	244	288	295	287	294	276	293	169	280	167	151	8	2	142	259	254	283	296	245	230	98	100	91	70	92	112	132	136	135	155	157	166	266	168	146	150	156	250	255	231	192	191	263	218	141	148	249	225	260	261	314	306	204	203	200	80	53	149	154	305	301	300	298	292	123	131	115	144	59	39	48	28	27	26	11	12	137	114	153	194	202	198	145	208	13	4	18	5	15	35	97	93	83	176	188	178	262	273	285	299	309	311	307	256	130	211	113	108	224	247	317	274	297	76	67	66	72	170	268	164	160	196	199	303	304	279	272	284	278	251	253	264	143	275	243	223	235	229	221	29	20	14	10	23	103	75	79	187	36	159	50	54	43	42	21	1	0	316	58	125	216	107	127	128	118	109	106	105	210	220	165	205	64	60	57	82	77	315	45	56	61	68	182	172	147	152	189	94	99	179	193	184	174	258	265	217	212	269
0.452158	198673.879179	240716.414269			63	49	66	77	67	283	290	299	288	278	308	296	307	275	310	177	64	86	196	298	289	97	78	90	85	80	279	281	241	138	34	3	26	22	71	83	96	99	94	69	31	33	130	137	175	189	195	98	206	4	127	141	277	191	295	303	297	284	272	156	140	131	208	123	132	139	240	122	113	219	312	164	182	79	104	103	231	224	242	265	173	315	316	37	145	243	214	226	220	117	108	105	15	20	88	72	84	95	91	257	264	244	250	223	236	146	151	17	7	106	249	142	254	251	276	160	38	62	45	57	24	16	11	32	136	263	266	291	190	180	179	170	273	268	285	269	261	221	212	218	210	25	36	120	143	232	211	216	109	172	205	73	181	159	125	126	134	48	39	41	43	178	174	185	183	61	81	51	42	149	128	207	119	135	133	152	59	53	50	28	27	40	44	68	87	259	260	225	235	227	116	166	167	165	256	238	233	234	229	237	302	198	301	304	309	294	305	293	287	286	1	6	5	0	13	115	154	163	129	107	112	161	155	203	197	202	199	282	317	247	217	213	222	184	188	89	92	186	176	168	148	74	55	70	82	193	194	245	246	121	12	8	54	56	162	169	300	280	274	270	271	314	187	200	93	201	76	10	19	29	102	2	21	14	65	171	60	144	153	158	157	258	313	252	248	267	262	255	124	110	35	9	18	23	30	209	147	118	114	111	52	75	100	101	311	292	253	239	230	150	204	306	192	228	215	47	58	46
0.453966	207301.687543	249344.222632			294	300	134	41	93	202	174	267	246	242	313	207	20	14	102	133	221	224	239	118	268	158	37	149	208	153	66	78	84	85	90	130	238	227	312	178	180	167	182	87	186	99	38	25	10	8	111	33	60	96	91	101	241	297	260	220	117	141	140	146	145	150	138	237	236	230	252	222	212	211	105	4	6	31	51	42	43	44	23	32	48	58	40	52	159	161	253	262	283	279	164	234	225	216	116	131	287	281	271	259	165	97	68	45	132	59	166	155	63	217	213	223	266	274	304	299	193	187	177	181	229	245	243	276	170	201	205	172	119	12	126	34	0	1	125	156	194	197	190	175	64	77	83	81	94	273	199	302	311	306	250	235	247	122	124	110	21	100	95	92	176	196	200	308	275	269	244	218	228	233	109	106	16	53	82	70	9	3	142	160	144	137	112	108	169	168	280	292	293	251	255	179	185	209	103	24	7	148	154	204	198	191	147	80	62	143	257	240	232	139	152	86	88	79	98	67	49	57	56	55	104	36	135	136	127	115	128	265	272	314	296	303	282	298	301	192	184	22	19	26	13	210	215	219	129	113	120	123	307	309	50	46	35	54	47	316	315	18	2	39	76	74	288	289	317	248	226	11	5	27	69	73	61	151	173	286	284	270	214	231	249	254	121	263	256	203	195	75	71	72	183	188	189	171	65	258	264	157	162	89	206	310	305	291	277	163	114	107	17	30	29	28	15	285	290	261	278	295
0.450527	191428.793745	233471.328834			275	317	142	139	61	78	103	23	105	111	288	305	192	300	178	276	148	128	113	144	39	5	0	160	59	158	64	76	68	72	84	85	44	27	19	22	54	91	90	166	294	293	281	194	163	38	125	116	114	123	13	7	8	4	216	214	223	109	186	188	65	71	100	97	82	81	58	152	168	193	203	202	154	121	122	135	52	34	224	239	245	252	156	62	88	89	172	171	175	165	289	285	278	302	310	311	277	314	265	250	271	180	187	55	31	21	10	134	124	137	159	283	279	185	184	179	249	143	208	149	32	18	6	9	73	86	197	189	63	66	30	29	48	25	26	14	102	20	28	17	167	296	298	290	291	209	153	53	77	316	15	47	50	170	176	151	127	126	41	33	16	37	42	46	51	69	74	268	231	312	218	233	235	11	315	56	57	36	40	75	67	95	182	191	196	190	98	201	273	246	226	225	242	173	195	200	205	206	199	183	87	101	181	177	280	174	157	133	119	115	131	244	260	251	263	164	155	161	162	295	198	287	292	286	169	282	284	210	108	215	211	43	49	70	92	96	83	99	308	299	221	232	240	241	229	238	304	303	309	297	256	258	146	147	150	138	313	253	219	220	212	217	117	136	104	79	35	24	207	12	141	213	243	130	120	107	60	93	94	80	45	3	112	230	237	264	262	259	254	266	145	110	106	129	267	272	274	269	247	222	227	132	2	1	140	228	234	257	261	248	255	236	118	204	306	301	307	270
0.452644	200929.315925	242971.851014			286	233	228	232	244	255	285	304	296	278	155	148	150	146	192	306	309	303	290	270	235	221	214	223	215	216	225	226	229	224	123	254	292	169	277	14	0	1	219	210	230	267	282	276	280	132	34	44	39	22	38	152	147	234	227	242	121	128	241	140	311	198	193	176	181	79	69	212	312	175	73	203	195	186	57	36	33	12	3	106	110	127	154	78	201	293	295	204	301	310	122	113	130	139	240	239	236	250	179	187	161	143	141	151	49	48	32	24	103	64	166	248	317	297	283	260	249	263	307	302	300	279	299	275	108	207	109	220	217	118	120	159	149	163	142	222	218	243	269	62	54	8	28	27	105	112	126	153	63	46	52	160	162	209	171	89	206	202	194	185	180	183	190	94	80	75	76	83	92	74	305	177	178	173	268	138	164	257	313	231	117	238	245	251	274	298	85	84	316	315	18	125	135	56	60	59	208	41	58	88	95	98	87	70	77	19	26	133	252	261	237	281	205	99	90	96	81	67	68	174	256	262	314	273	116	2	7	124	61	66	82	42	136	107	145	129	134	131	156	287	284	289	288	170	294	184	168	43	45	40	47	15	9	55	91	71	104	97	100	101	65	172	259	258	264	265	253	246	266	308	86	189	271	272	20	5	29	50	211	213	247	165	167	188	200	197	191	291	157	158	37	25	11	10	21	102	6	72	196	93	31	30	111	119	114	16	23	53	182	35	144	137	13	115	4	17	51	199
0.454100	207967.410693	250009.945782			61	55	28	32	252	255	317	265	258	256	223	227	235	243	277	197	94	97	65	152	151	146	307	274	247	234	226	108	133	140	113	129	116	128	134	21	30	141	165	167	22	31	23	35	111	125	170	193	85	95	96	77	178	268	249	313	38	144	41	104	45	136	148	162	150	143	244	304	303	271	275	236	251	242	216	219	312	138	200	101	100	201	79	78	63	183	222	221	239	293	305	175	43	34	13	106	25	36	177	291	279	132	107	127	208	139	215	218	314	299	308	270	248	232	260	240	213	214	237	117	130	241	182	187	71	62	207	123	47	69	120	122	229	228	224	210	211	3	1	9	225	261	262	118	109	115	114	0	10	316	98	172	66	84	103	16	105	112	121	230	238	166	102	20	48	75	50	294	286	198	89	88	86	87	205	206	80	49	58	17	54	40	14	6	5	46	51	12	126	124	266	259	281	288	160	154	163	110	119	2	4	153	264	280	276	287	292	191	60	64	90	91	99	174	173	290	282	267	289	284	145	15	24	44	39	74	73	76	184	185	300	310	306	302	295	231	220	246	263	257	142	188	186	189	176	195	190	159	156	11	19	8	135	164	283	192	83	82	70	68	199	204	301	169	56	27	18	7	42	52	315	67	72	53	59	57	157	285	273	137	131	29	26	33	147	209	92	81	181	171	168	180	179	298	278	296	309	297	272	253	254	250	233	212	217	245	269	311	196	93	161	149	37	155	158	194	203	202
0.453550	205256.516816	247299.051905			216	16	17	209	136	107	105	116	122	120	145	165	273	288	285	299	279	272	265	264	232	108	112	113	249	239	237	34	42	6	5	2	213	222	238	241	253	283	271	282	295	205	195	157	141	233	248	245	225	202	62	86	172	182	180	160	131	230	231	212	215	210	312	242	149	258	311	292	291	167	155	40	45	56	97	54	52	168	101	100	154	152	208	219	223	243	218	211	121	38	153	127	21	102	28	144	150	65	194	306	305	204	37	140	184	177	74	81	77	59	60	254	257	164	158	220	235	227	217	214	203	206	200	87	196	315	103	76	63	89	69	176	284	275	289	286	310	192	181	183	189	75	98	88	72	61	90	92	188	190	260	139	178	104	58	49	47	91	83	316	39	12	4	132	129	269	317	138	147	95	96	32	20	14	48	262	251	250	255	266	110	111	114	115	22	70	79	85	82	67	197	174	151	130	123	128	125	3	15	126	19	30	109	117	256	267	270	298	303	309	304	191	193	80	53	31	36	133	234	221	261	169	301	199	198	173	259	263	314	276	277	26	23	9	8	207	134	33	35	156	185	99	201	93	187	186	43	10	7	0	1	27	163	171	179	294	278	224	13	240	313	143	124	46	50	64	287	300	94	175	166	170	293	280	281	246	252	244	274	290	307	302	296	106	25	148	161	159	84	71	78	73	308	297	268	44	29	41	57	55	51	162	146	142	137	119	247	226	229	228	236	24	18	11	68	66	135	118
0.453368	204373.716303	246416.251392			57	40	264	179	188	90	75	85	92	94	62	163	160	275	269	274	260	219	108	224	312	232	233	225	165	170	272	228	221	240	257	273	287	192	203	178	14	9	11	3	215	109	158	64	67	66	49	209	164	307	305	169	141	207	134	63	82	78	189	172	173	154	15	19	17	149	181	186	61	5	0	22	28	30	20	47	51	41	38	34	43	68	79	97	201	301	197	202	200	206	98	99	199	311	180	184	187	69	60	101	304	303	299	284	129	111	110	148	175	171	185	310	302	235	234	218	216	220	153	91	100	162	139	117	217	120	132	128	127	131	122	152	42	36	208	143	157	161	168	48	25	7	8	12	74	88	89	59	236	212	210	245	246	183	176	13	4	105	140	10	31	44	56	155	278	279	296	309	147	123	37	52	104	77	80	96	95	84	265	263	268	271	292	198	45	18	114	126	2	102	21	23	211	213	223	243	251	242	259	280	281	286	266	314	135	16	103	54	315	316	58	194	174	288	298	295	249	239	313	238	241	166	177	182	65	27	1	6	81	83	106	121	138	130	24	26	70	72	306	291	191	294	277	276	253	258	262	267	255	230	33	53	73	190	195	76	71	46	50	142	256	244	247	229	231	145	146	136	137	118	300	297	270	222	227	283	289	261	124	116	115	112	107	113	226	214	119	29	35	167	293	285	290	237	248	317	151	125	133	156	254	250	252	144	159	282	308	204	205	86	196	93	150	193	87	55	39	32
